{"name":"dc22bbe0-af22-4f9d-a96f-6444e815be18","id":"/providers/Microsoft.Flow/flows/dc22bbe0-af22-4f9d-a96f-6444e815be18","type":"Microsoft.Flow/flows","properties":{"apiId":"/providers/Microsoft.PowerApps/apis/shared_logicflows","displayName":"Septemberfeedback","definition":{"metadata":{"workflowEntityId":null,"processAdvisorMetadata":null,"flowChargedByPaygo":null,"flowclientsuspensionreason":"NeverTriggeringDetected","flowclientsuspensiontime":"2025-03-29T18:20:11.0437284Z","flowclientsuspensionreasondetails":"Flow has not ran at all in the past 90 days. Disabled it on 3/29/2025 6:20:10 PM.","creator":{"id":"82aef47d-bbf7-47ca-88d1-529b35e506bb","type":"User","tenantId":"107a2fc9-c3be-435e-a00c-7ad288f79d10"},"provisioningMethod":"FromDefinition","failureAlertSubscription":true,"clientLastModifiedTime":"2024-10-28T16:08:26.2318753Z","connectionKeySavedTimeKey":"2024-10-28T16:08:26.2318753Z"},"$schema":"https://schema.management.azure.com/providers/Microsoft.Logic/schemas/2016-06-01/workflowdefinition.json#","contentVersion":"1.0.0.0","parameters":{"$authentication":{"defaultValue":{},"type":"SecureObject"},"$connections":{"defaultValue":{},"type":"Object"}},"triggers":{"When_a_new_response_is_submitted":{"splitOn":"@triggerOutputs()?['body/value']","type":"OpenApiConnectionWebhook","inputs":{"parameters":{"form_id":"yS96EL7DXkOgDHrSiPedEH30roL3u8pHiNFSmzXlBrtUQjFNWjNZSEczOFJHNTlQT1BGS0pHWU80Mi4u"},"host":{"apiId":"/providers/Microsoft.PowerApps/apis/shared_microsoftforms","connectionName":"shared_microsoftforms","operationId":"CreateFormWebhook"},"authentication":"@parameters('$authentication')"}}},"actions":{"Get_response_details":{"runAfter":{},"type":"OpenApiConnection","inputs":{"parameters":{"form_id":"yS96EL7DXkOgDHrSiPedEH30roL3u8pHiNFSmzXlBrtUQjFNWjNZSEczOFJHNTlQT1BGS0pHWU80Mi4u","response_id":"@triggerOutputs()?['body/resourceData/responseId']"},"host":{"apiId":"/providers/Microsoft.PowerApps/apis/shared_microsoftforms","connectionName":"shared_microsoftforms","operationId":"GetFormResponseById"},"authentication":"@parameters('$authentication')"}},"Add_a_new_row":{"runAfter":{"Get_response_details":["Succeeded"]},"type":"OpenApiConnection","inputs":{"parameters":{"entityName":"crdaa_septemberfeedbacks","item/crdaa_areyoucurrentlyenrolledinaprogramorhavey":"@outputs('Get_response_details')?['body/r18b480ca5117469ab6ed0e63be563787']","item/crdaa_doyouhaveanysuggestionforwhatcohortareyou":"@outputs('Get_response_details')?['body/rbfe6a4eee1434fa3b75f950b6777e0f5']","item/crdaa_doyouhaveanysuggestionsforimprovingyourlea":"@outputs('Get_response_details')?['body/r8e4ae2381e40472487192c53d8601ffc']","item/crdaa_haveyouencounteredissueswithcoursematerials":"@outputs('Get_response_details')?['body/r43ff7bb91cd64b4b80fa1ae1097fa410']","item/crdaa_howurgentisanyissueyouencountered":"@outputs('Get_response_details')?['body/r6e1b3aedd1b7435a959fbebed61614e0']","item/crdaa_howwouldyouprefertoprovidefeedbackinthefu":"@outputs('Get_response_details')?['body/rdc84e90bf85447aebd0e721e5abe80ac']","item/crdaa_howwouldyouratethecoursematerialsqualityan":"@outputs('Get_response_details')?['body/ra8a8fd3ae85c469d94e096b50fae8f65']","item/crdaa_howwouldyourateyourinstructorscommunication":"@outputs('Get_response_details')?['body/r3603cc8f833c44d993b3e39eee5a629d']","item/crdaa_howwouldyourateyouroverallexperience":"@outputs('Get_response_details')?['body/r1931e00183ff47b189480fbda88d470e']","item/crdaa_isthereanythingelseyoudliketoshareabouty":"@outputs('Get_response_details')?['body/rd844b0e46b414414957aff59b80bb679']","item/crdaa_pleaseprovidethenameofyourinstructor":"@outputs('Get_response_details')?['body/r457584a12d1c414986f6b5f7b8e26301']","item/crdaa_trackingnumber":"@concat('TRK',formatDateTime(utcNow(),'yyyyMMddHHmmss'))","item/crdaa_whereareyoucurrentlylocated":"@outputs('Get_response_details')?['body/r3e2316cba3b34f058453ceb3216cc94b']","item/crdaa_wouldyouliketoprovideyourname":"@outputs('Get_response_details')?['body/rf8bd13e0fa174c31a3b4964433f79677']","item/crdaa_wouldyouliketoshareyouremailaddress":"@outputs('Get_response_details')?['body/r3f0fed7f33ba42528c0c8b0872c49785']","item/crdaa_wouldyouliketoshareyourgender":"@outputs('Get_response_details')?['body/r6497c5d4ce2b47a5a4fc977d2c60f5ef']"},"host":{"apiId":"/providers/Microsoft.PowerApps/apis/shared_commondataserviceforapps","connectionName":"shared_commondataserviceforapps","operationId":"CreateRecord"},"authentication":"@parameters('$authentication')"}},"Send_an_email_(V2)":{"runAfter":{"Add_a_new_row":["Succeeded"]},"type":"OpenApiConnection","inputs":{"parameters":{"emailMessage/To":"@outputs('Get_response_details')?['body/r3f0fed7f33ba42528c0c8b0872c49785']","emailMessage/Subject":"Your Form Has Been Received","emailMessage/Body":"<p class=\"editor-paragraph\">Dear @{outputs('Get_response_details')?['body/rf8bd13e0fa174c31a3b4964433f79677']} ,<br>Thank you for providing your feedback.<br>We appreciate your input and value your opinion.<br><br><br>Best Regards<br>10Alytics</p>","emailMessage/Importance":"Normal"},"host":{"apiId":"/providers/Microsoft.PowerApps/apis/shared_office365","connectionName":"shared_office365","operationId":"SendEmailV2"},"authentication":"@parameters('$authentication')"}},"Send_an_email_(V2)_1":{"runAfter":{"Send_an_email_(V2)":["Succeeded"]},"type":"OpenApiConnection","inputs":{"parameters":{"emailMessage/To":"@outputs('Get_response_details')?['body/r3f0fed7f33ba42528c0c8b0872c49785']","emailMessage/Subject":"Email and Tracking number","emailMessage/Body":"<p class=\"editor-paragraph\"><br>Thank you @{outputs('Get_response_details')?['body/rf8bd13e0fa174c31a3b4964433f79677']} for taking time to share your feedback with us.<br>We have recorded your feedback under the tracking number: @{outputs('Add_a_new_row')?['body/crdaa_trackingnumber']}<br>We'll use this to follow up and ensure your concerns are addressed<br><br><br>Best Regards<br>10Alytics</p>","emailMessage/Importance":"Normal"},"host":{"apiId":"/providers/Microsoft.PowerApps/apis/shared_office365","connectionName":"shared_office365","operationId":"SendEmailV2"},"authentication":"@parameters('$authentication')"}}},"outputs":{}},"connectionReferences":{"shared_microsoftforms":{"connectionName":"shared-microsoftform-fc4d9706-68e8-4c8c-bf28-0c5891968114","source":"Embedded","id":"/providers/Microsoft.PowerApps/apis/shared_microsoftforms","tier":"NotSpecified","apiName":"microsoftforms"},"shared_commondataserviceforapps":{"connectionName":"shared-commondataser-8cb88ff5-047f-4101-8160-ab2f7e5b7470","source":"Embedded","id":"/providers/Microsoft.PowerApps/apis/shared_commondataserviceforapps","tier":"NotSpecified","apiName":"commondataserviceforapps"},"shared_office365":{"connectionName":"shared-office365-c2732249-5e4c-4bc0-b0db-7cf4fa66b58a","source":"Embedded","id":"/providers/Microsoft.PowerApps/apis/shared_office365","tier":"NotSpecified","apiName":"office365"}},"flowFailureAlertSubscribed":false,"isManaged":false}}